﻿Category,Company name,Phone number,Longitude,Latitude
Veterinarian,Consultorio E Farmacia Veterinairia,,-66.048738,18.262375
Veterinarian,Bichinho Chick,+55 32244708,-40.7628792,-13.3823643
Veterinarian,Michu Consultorio Veterinario,+593 99 465 2767,-79.8873718,-2.2025256
Veterinarian,Veterinario,,-58.268868,-34.7303025
Veterinarian,Oswaldo Cruz Centro Veterinario,+55 12 3922-3051,-43.35168447,-22.85935495
Veterinarian,ARGOS,+51 1 5361066,-77.04067445,-11.93286125
Veterinarian,Veterinairia e Pet Shop Barreira Grande,+55 11 2154-2500,-46.4970375,-23.5912037
Veterinarian,Pro Plan,,-58.4302894,-34.6342886
Veterinarian,Paulo Rocha,+55 21 3395-3613,-43.6829757,-22.9206686
Veterinarian,PET SHOP CESAR,+54 261 431-0927,-68.9427876,-33.0196168
Veterinarian,Veterinaria Las Balsas,+54 299 459-7993,2.9119411,49.5862984
Veterinarian,Medical Vet,+55 19 3473-0993,-46.985305,-13.916873
Veterinarian,CLÃNICA DE PEQUEÃNOS ANIMALES,+54 342 460-1159,-60.6679347,-31.6045015
Veterinarian,Cahuel Veterinaria,+54 249 450-4025,-58.52094408,-34.65507712
Veterinarian,Centro Veterinario Paita,+51 990 031 314,-71.3340912,-17.6330113
Veterinarian,Veterinaria Battistini,+54 3571 48-5417,-75.5938192,-49.848769
Veterinarian,Clinica Veterinaria Fiel,+55 14 3541-1315,-49.8588394,-21.5347172
