Category,Company name,Phone number,Longitude,Latitude,Address
Wildlife Refuge,La Clara Mountain,,-75.63035824,6.05168765,"Caldas, Antioquia"
Wildlife Refuge,NANTAR RESERVA ECOLOGICA,+593 99 101 1075,-70.6997158,-33.4559757,Provincia de Ecuador
Wildlife Refuge,Refugio Vialidad Gallina Muerta,,-68.0934456,-27.1360206,RN60
Wildlife Refuge,BASE GALARZA- GUARDAFAUNA PCIA DE CORRIENTES,,-98.455278,18.667778,Galarza
Wildlife Refuge,Los Guardianes Del Encanto,+57 320 9916338,-69.7834105,-20.2547367,Alianza verde
Wildlife Refuge,Reserva Privada El Pantanoso,,-64.4913497,-23.6299919,Acceso A Yuto
Wildlife Refuge,Parque Botanico Buenaventura,+593 2505212,-79.6364706,-3.634513,E585
Wildlife Refuge,Reserva provincial Santa Catalina,,-58.4027966,-34.7575788,Lomas de Zamora
Wildlife Refuge,Reserva Natural S.C. El Pailan,,-52.8151659,-31.8546304,El Cerrito
Wildlife Refuge,Cueva las Caicas,+57 318 7491522,-74.29811024,5.12596735,"Vergara, Cundinamarca"
Wildlife Refuge,Reserva AGAPE,+57 313 4455119,-70.08851629,-3.58082345,Leticia
Wildlife Refuge,Playa Hondable,,-90.35088184,14.15015235,Santa Rosa
Wildlife Refuge,"FAMILIA FERRO,ALBERTO-LEANDRO-MARIANO",+54 3541 64-6933,-71.043756,-34.787074,Villa Parque 
Wildlife Refuge,loma saavedra peru,,-80.2262997,-3.5042443,Loma Saavedra
Wildlife Refuge,Chacara dos Oliveira Capella,,-52.2377624,-32.1862362,estrada do Senandes
Wildlife Refuge,Sabor de Casa,+55 79 3027-8008,-37.0796889,-10.9659268,R. Airton Santana
