Category,Company Name,Phone,Longitude,Latitude
Hospital Equipment & Supplies,A E Atherton & Sons Pty Ltd,(08) 8262 9044,138.5986,-34.84588
Hospitals--Public,A Party World,(08) 8365 1999,138.66385,-34.87719
Hospital Equipment & Supplies,A.B.C. Of Signs,0418 353 036,145.132637,-37.637706
Hospital Equipment & Supplies,AA Hospital Equipment Co,(02) 9748 4778,150.672409,-33.789449
Hospital Equipment & Supplies,AA Maroondah Home Healthcare,(03) 9879 8885,145.24899,-37.81284
Hospital Equipment & Supplies,Abbott Australasia Pty Ltd,(03) 9843 7100,145.12935,-37.78774
Hospital Equipment & Supplies,Able Service,(07) 3349 2555,153.1034,-27.53182
Hospital Equipment & Supplies,Abletec Solutions,(08) 9409 4150,115.866258,-31.813168
Hospitals--Public,Aboriginal Health,(07) 4748 2000,138.120597,-19.919578
Hospital Equipment & Supplies,Acetek Systems Pty Ltd,(02) 8748 9000,151.03811,-33.83333
Hospital Equipment & Supplies,Acetek Systems Pty Ltd,(02) 8748 9000,151.038108,-33.833325
Hospital Equipment & Supplies,Ackermann,(02) 9939 0933,151.27457,-33.76479
Hospital Equipment & Supplies,Ackermann,(03) 9889 8833,145.10444,-37.85337
Hospital Equipment & Supplies,Acrovyn Wall Protection Systems,(02) 8543 4000,151.13027,-34.03165
Hospital Equipment & Supplies,Active Rehabilitation Equipment,(03) 5441 8722,144.30771,-36.75102
Hospitals--Private,Adelaide Clinic,(08) 8269 8100,138.61373,-34.90647
Hospitals--Private,Adelaide Day Surgery,(08) 8239 4900,138.58887,-34.92264
Hospital Equipment & Supplies,ADL Health Pty Ltd,(07) 4772 0066,146.7939,-19.27285
Hospital Equipment & Supplies,Admed Hospital Supplies Pty Ltd,1300 133 120,150.86234,-33.98851
Hospital Equipment & Supplies,Adteck Pty Ltd,(02) 9554 3222,151.0973,-33.93887
Hospital Equipment & Supplies,Advanced Electronic Services,(03) 9879 0562,145.24302,-37.77434
Hospital Equipment & Supplies,Advanced Healthcare Furniture,(03) 9770 9011,145.15508,-38.17278
Hospital Equipment & Supplies,Air Liquide Healthcare,1300 360 202,153.03677,-27.44741
Hospital Equipment & Supplies,Air Liquide Healthcare,1300 360 202,144.84239,-37.76313
Hospital Equipment & Supplies,Air Liquide Healthcare,1300 360 202,138.591974,-34.98224
Hospital Equipment & Supplies,Air Liquide Healthcare Pty Ltd,(07) 4639 4844,151.973789,-27.565943
Hospital Equipment & Supplies,Akras Engineering,(03) 9794 7887,145.20466,-38.00755
Hospitals--Public,Albany Regional Hospital,(08) 9892 2222,117.904479,-35.004791
Hospitals--Private,Albert Road Clinic,(03) 9256 8311,144.972465,-37.834448
Hospitals--Public,Albury Base Hospital,(02) 6058 4444,146.925953,-36.075237
Hospitals--Private,Albury Day Surgery,(02) 6041 1511,146.88357,-36.07366
Hospitals--Private,Albury Wodonga Private Hospital,(02) 6041 1411,146.88308,-36.07482
Hospital Equipment & Supplies,Alert Tech Pty Ltd,1300 885 147,145.173793,-37.970061
Hospitals--Public,Alexandra District Hospital,(03) 5772 0900,145.714853,-37.194562
Hospitals--Public,Alfred Hospital,(03) 9276 2000,144.989584,-37.846272
Hospitals--Private,Alice Springs Renal Unit,(08) 8955 4900,133.87823,-23.698143
Hospitals--Private,Alkira Hostel,(02) 6742 4333,150.25167,-30.98215
Hospitals--Private,Allamanda Dialysis Centre,(07) 5519 1400,153.407883,-27.973187
Hospitals--Private,Allamanda Private Hospital,(07) 5532 6444,153.408028,-27.973214
Hospitals--Private,Allowah Children's Hospital,(02) 9858 4994,151.06389,-33.79183
Hospitals--Public,Alpha Hospital,(07) 4985 1100,146.636072,-23.654304
Hospital Equipment & Supplies,Alpha Medical Supplies Imports Pty Ltd,(03) 6273 1091,147.27928,-42.83397
Hospitals--Public,Alpine Health,(03) 5751 9300,146.72757,-36.554522
Hospitals--Private,Alvan Park Private Hospital,(08) 9370 2500,115.874596,-31.934476
Hospitals--Private,Alwyn Rehabilitation Hospital,(02) 9744 7161,151.09435,-33.88285
Hospital Equipment & Supplies,Ames Medical Equipment Specialists Pty Ltd,(03) 6231 5884,147.32794,-42.87722
Hospital Equipment & Supplies,Anaequip Medical Pty Ltd,(08) 8382 4855,138.5039,-35.11367
Hospitals--Private,Anaster Residential Care,(08) 8271 0264,138.62006,-34.94275
Hospitals--Private,Andrea Ahern Private Hospital,(07) 5491 1522,153.12628,-26.78305
Hospitals--Public,Angliss Hospital,(03) 9764 6111,145.314084,-37.899476
Hospitals--Public,Angliss Hospital,(03) 9764 6111,145.314084,-37.899476
Hospitals--Public,Anne Caudle Centre Campus,(03) 5454 6000,144.28034,-36.75089
Hospitals--Public,Apollo Bay Otway Health & Community Service,(03) 5237 8500,143.664487,-38.755234
Hospitals--Public,Aramac Hospital,(07) 4651 3366,145.248186,-22.964477
Hospitals--Public,Ararat & District Hospital,(03) 5352 9300,142.933116,-37.279612
Hospitals--Private,Ardrossan Community Hospital,(08) 8837 3021,137.91721,-34.4263
Hospital Equipment & Supplies,ArjoHuntleigh,1800 072 040,153.108088,-27.452748
Hospital Equipment & Supplies,ArjoHuntleigh,1800 072 040,115.900946,-32.070658
Hospital Equipment & Supplies,ArjoHuntleigh,1800 072 040,115.787201,-32.056401
Hospital Equipment & Supplies,ArjoHuntleigh,1800 072 040,145.137592,-37.921184
Hospital Equipment & Supplies,ArjoHuntleigh,1800 072 040,138.6269,-34.91344
Hospitals--Public,Armadale Health Service,(08) 9391 2000,116.017353,-32.141041
Hospitals--Public,Armidale Hospital,(02) 6776 9500,151.661546,-30.513574
Hospitals--Private,Armidale Private Hospital,(02) 6771 4000,151.661546,-30.513574
Hospital Equipment & Supplies,Arthur Bailey Surgico Pty Ltd,(02) 9555 1588,151.1732,-33.86834
Hospital Equipment & Supplies,Asbra Latham Wall Protection,1300 007 220,151.12138,-33.82488
Hospital Equipment & Supplies,Asbra Latham Wall Protection,1300 528 426,153.0250339,-27.46969456
Hospital Equipment & Supplies,Asbra Latham Wall Protection,1300 528 426,149.136318,-35.309644
Hospital Equipment & Supplies,Asbra Latham Wall Protection,1300 528 426,138.601685,-34.928605
Hospital Equipment & Supplies,Asbra Latham Wall Protection,1300 528 426,147.325245,-42.883025
Hospital Equipment & Supplies,Asbra Latham Wall Protection,1300 528 426,115.862476,-31.946929
Hospital Equipment & Supplies,Asbra Latham Wall Protection,1300 528 426,145.001542,-37.818852
Hospitals--Private,Ashford,(08) 8375 5222,138.57726,-34.94867
Hospitals--Private,Ashford Eye & Laser Centre,(08) 8274 7000,138.62162,-34.94074
Hospitals--Public,Atherton,(07) 4091 0211,145.479914,-17.265928
Hospital Equipment & Supplies,Atherton A.E. & Sons Pty Ltd,(07) 3277 1321,153.02713,-27.54147
Hospitals--Private,Attadale Private Hospital,(08) 9330 1000,115.81022,-32.02958
Hospitals--Public,Auburn Hospital,(02) 8759 3000,151.032657,-33.859323
Hospitals--Public,Auburn House,(03) 9804 0410,145.05132,-37.82823
Hospitals--Public,Augathella Hospital,(07) 4656 7100,146.585557,-25.796304
Hospitals--Public,Augusta,(08) 9758 3222,115.161026,-34.318508
Hospitals--Public,Augusta Hospital (Multi Purpose Service),(08) 9758 3222,115.15564,-34.305996
Hospitals--Public,Austin Health,(03) 9496 5000,145.060553,-37.756797
Hospitals--Public,Austin Health,(03) 9490 7500,145.021923,-37.787828
Hospitals--Public,Austin Health,(03) 9496 5000,145.060553,-37.756797
Hospitals--Public,Austin Health,(03) 9496 5000,145.049358,-37.756631
Hospital Equipment & Supplies,Australia Medustar Pty Ltd,(02) 8850 1681,0,0
Hospitals--Private,Australian Hospital Care Group,(02) 9488 0111,151.15189,-33.69002
Hospitals--Private,Australian Hospital Care Group,(03) 9547 1000,145.192102,-37.9662635
Hospitals--Private,Australian Hospital Care Group,(03) 9580 4555,145.081769,-37.991706
Hospitals--Private,Australian Hospital Care Group,(03) 9805 7333,145.09447,-37.85677
Hospital Equipment & Supplies,Australian Medical Chairs & Trolleys,(07) 5513 1007,153.541635,-28.20038
Hospitals--Private,Avenue Hospital The,(03) 9529 7377,144.99857,-37.85485
Hospitals--Public,Ayr Hospital,(07) 4783 0855,147.40774,-19.56379
Hospital Equipment & Supplies,B. Braun Australia Pty Ltd,(02) 9629 0200,150.94782,-33.73596
Hospitals--Public,Babinda Hospital,(07) 4067 8200,145.91892,-17.34287
Hospitals--Public,Bairnsdale Regional Health Service,(03) 5150 3333,147.610129,-37.824334
Hospitals--Private,Ballarat Day Procedure Centre,(03) 5338 2666,143.833584,-37.540633
Hospitals--Public,Ballarat Health Services Base Hospital,(03) 5320 4000,143.848435,-37.555323
Hospitals--Public,Ballarat Health Services Queen Elizabeth Centre,(03) 5320 3700,143.84188,-37.56343
Hospitals--Public,Ballina District Hospital,(02) 6686 2111,153.565028,-28.863687
Hospitals--Public,Balmain Hospital,(02) 9395 2111,151.181712,-33.858211
Hospitals--Public,Balranald Community Health,(03) 5071 9800,143.566894,-34.64393
Hospitals--Private,Bankstown Day Surgery,(02) 9707 2210,151.03545,-33.91417
Hospitals--Public,Bankstown-Lidcombe Hospital,(02) 9722 8000,151.023895,-33.932222
Hospitals--Public,Baradine Multi-Purpose Health Service,(02) 6843 1605,149.066641,-30.945658
Hospitals--Public,Baralaba Hospital,(07) 4998 2800,149.812117,-24.179886
Hospitals--Public,Barcaldine Hospital,(07) 4651 1311,145.302682,-23.553359
Hospitals--Public,Barham-Koondrook Soldiers Memorial Hospital,(03) 5451 1000,144.134131,-35.624875
Hospitals--Private,Baringa Private Hospital,(02) 6659 4444,153.10318,-30.27883
Hospitals--Public,Barossa Area Health Services Inc.,(08) 8563 2398,138.96115,-34.52851
Hospitals--Public,Barossa Area Health Services Inc.,(08) 8563 8500,139.047666,-34.506198
Hospitals--Private,Barrett Adolescent Centre,(07) 3271 8742,152.90977,-27.600416
Hospitals--Public,Barrett Adolescent Centre,(07) 3271 8760,152.914881,-27.596004
Hospitals--Public,Batemans Bay District Hospital,(02) 4475 1500,150.18225,-35.71392
Hospitals--Public,Bathurst Health Service,(02) 6330 5311,149.580305,-33.416045
Hospitals--Public,Bathurst Health Service Daffodil Cottage,(02) 6330 5347,149.579234,-33.415002
Hospitals--Private,Baxter Payenham Dialysis Centre,1300 734 834,138.6392,-34.89679
Hospitals--Private,Bayside Day Procedure & Specialist Centre,(03) 9770 0178,145.14334,-38.14834
Hospitals--Private,Bayswater Day Procedure Centre,(03) 9720 3345,145.263,-37.84219
Hospitals--Public,Beaufort & Skipton Health Service,(03) 5349 1600,143.382933,-37.431018
Hospitals--Public,Beaufort & Skipton Health Service,(03) 5340 1110,143.364869,-37.684541
Hospitals--Private,Beaumont Prof. P.,(02) 9433 3555,151.18837,-33.82524
Hospital Equipment & Supplies,Bed Alarms,0408 737 080,153.321832,-28.001068
Hospitals--Public,Bega District Hospital,(02) 6492 9111,149.838065,-36.681295
Hospitals--Private,Beleura Private Hospital,(03) 5976 0888,145.04908,-38.22548
Hospitals--Public,Bellinger River District Hospital,(02) 6659 5800,152.893133,-30.457707
Hospitals--Public,Benalla & District Memorial Hospital,(03) 5760 2222,145.992337,-36.554897
Hospitals--Public,Bendigo Hospital Pathology Services,(03) 5454 8950,144.28328,-36.750082
Hospitals--Private,Bendigo Regional BreastScreen Centre,(03) 5441 6850,144.26428,-36.76039
Hospitals--Public,Benson Court Accommodation,(07) 3870 4444,152.99255,-27.48769
Hospitals--Public,Bentley Health Service,(08) 9334 3666,115.928729,-32.005831
Hospitals--Private,Berkeley Vale Private Hospital,(02) 4389 1970,151.432193,-33.338803
Hospital Equipment & Supplies,Bernard G Boulton,(03) 9729 1538,145.2595,-37.82299
Hospitals--Private,Bethesda Hospital,(08) 9340 6300,115.778681,-31.988533
Hospitals--Private,Bethesda Hospital,(08) 9340 6300,115.782522,-31.981399
Hospitals--Private,Bethesda Hospital,(08) 9340 6300,115.779145,-31.987367
Hospitals--Public,Biggenden Health Service,(07) 4127 1166,152.049628,-25.512484
Hospitals--Public,Biloela Hospital,(07) 4992 7000,150.51802,-24.3962
Hospitals--Public,Binnaway Community Healthcare Centre,(02) 6844 1401,149.399756,-31.552184
Hospital Equipment & Supplies,Bio Assist Industries Pty Ltd,(02) 4636 6000,150.641625,-34.14556
Hospitals--Public,Birdsville Hospital,(07) 4656 3232,139.348508,-25.899929
Hospitals--Public,Blacktown Hospital,(02) 9881 8000,150.920289,-33.782608
Hospitals--Public,Blackwater Hospital,(07) 4980 1800,148.877548,-23.571895
Hospitals--Public,Blayney Healthone,(02) 6368 9333,149.251695,-33.537741
Hospitals--Public,Blayney Hospital,(02) 6368 9000,149.252619,-33.532922
Hospitals--Public,Bloomfield Hospital,(02) 6360 7700,149.082173,-33.373067
Hospital Equipment & Supplies,Blooms The Chemist,(02) 4285 4500,150.90633,-34.34196
Hospitals--Private,Blue Cross Complex,(02) 9554 4065,151.10171,-33.94394
Hospital Equipment & Supplies,Blue Force Pty Ltd,1300 731 716,0,0
Hospitals--Public,Boddington Hospital,(08) 9883 4444,116.475778,-32.803663
Hospitals--Public,Bonalbo Hospital,(02) 6665 1203,152.594728,-28.939041
Hospitals--Public,Booleroo Centre District Hospital & Health Services Inc,(08) 8667 2211,138.350616,-32.881054
Hospitals--Public,Boonah Hospital,(07) 5463 3300,152.6781304,-27.9990538
Hospitals--Public,Boorowa District Hospital,(02) 6385 3004,148.726799,-34.439599
Veterinary Surgeons,1300 Vets On Wheels,1300 838 766,144.657885,-37.894971
Veterinary Surgeons,19th Ave Veterinary Surgery,(07) 5576 0400,153.464937,-28.109915
Veterinary Surgeons,313 Vets Pty Ltd,(03) 9813 4755,145.04814,-37.83007
Veterinary Surgeons,313vets,(03) 9813 4755,145.04814,-37.83007
Veterinary Surgeons,A & T Vet Pty Ltd,(07) 5541 4177,153.0008,-27.99065
Veterinary Surgeons,A Family Veterinary Practitioners,(02) 9679 1747,150.9476,-33.6584
Veterinary Surgeons,A Family Veterinary Practitioners,(02) 4572 6777,150.800935,-33.638947
Veterinary Surgeons,A Jubb,(02) 6583 5366,152.89528,-31.43739
Veterinary Supplies & Instruments,A.B. Veterinary Supplies Pty Ltd,(02) 4626 4688,150.8211,-34.06193
Veterinary Supplies & Instruments,A.B. Veterinary Supplies Pty Ltd,(02) 4626 4222,150.821066,-34.061955
Veterinary Surgeons,A.J Morgan Veterinary Practice,(02) 9456 2492,151.137708,-33.612131
Veterinary Surgeons,A.J. Morgan Veterinary Practice,(02) 9456 2492,151.13771,-33.61213
Veterinary Surgeons,AAA Bridgetown Veterinary Hospital,(08) 9761 1660,116.13672,-33.95577
Veterinary Surgeons,Aacers Pty Ltd,(07) 4723 1988,146.73997,-19.30414
Veterinary Surgeons,Aachilpa Veterinary Group,(07) 4725 4405,146.767914,-19.298021
Veterinary Surgeons,"AALL Vaccinations, Pet Food, Microchips, House Calls",(03) 9375 1501,144.90356,-37.77871
Veterinary Surgeons,A'Beckett St Companion Animal Veterinary Clinic,(03) 5674 3822,145.72727,-38.63404
Veterinary Surgeons,Aberdeen St Veterinary Clinic,(03) 5222 6112,144.33792,-38.14544
Veterinary Surgeons,Aberdeen St Veterinary Clinic Dr Jon O'Connor,(03) 5222 6112,144.33792,-38.145439
Veterinary Surgeons,Aberdeen Street Veterinary Clinic,(03) 5222 6112,144.33792,-38.14544
Veterinary Surgeons,Aberfoyle Hub Veterinary Clinic,(08) 8373 0506,138.590866,-35.074561
Veterinary Surgeons,Aboriginal Community Veterinary Services,(08) 8972 3599,132.262964,-14.461283
Veterinary Surgeons,Abrahams Stephen,(02) 9484 3004,151.03771,-33.73956
Veterinary Surgeons,Acacia Animal Care,(07) 3271 6845,152.262779,-27.513191
Veterinary Surgeons,Acacia Veterinary Surgery,(07) 4939 5988,150.74466,-23.12805
Veterinary Surgeons,Acciari & Associates,(02) 4329 0500,151.346728,-33.400827
Veterinary Surgeons,Acciari & Associates,(02) 4353 0200,151.42938,-33.27386
Veterinary Surgeons,Acciari Tammy Dr,(02) 4353 0200,151.429377,-33.273864
Veterinary Surgeons,Acciari Tammy Dr,(02) 4329 0500,151.34693,-33.400795
Veterinary Surgeons,ACT Animal Hospital & Clinic,(02) 6288 0605,149.045087,-35.336384
Veterinary Surgeons,ACT Veterinary Surgeons Board,(02) 6205 6051,149.13343,-35.27479
Veterinary Supplies & Instruments,Action Chemical Co Pty Ltd,(03) 5998 2238,145.2913,-38.16743
Veterinary Surgeons,Acupaws,0405 061 099,115.865717,-32.075076
Veterinary Surgeons,Acupuncture and Chiropractic Veterinarians,(03) 5241 6213,144.338086,-38.179398
Veterinary Surgeons,Acupuncture Veterinarian,(02) 9588 2088,151.137624,-33.960481
Veterinary Surgeons,Adam Gordon B.V.Sc (Hons) & Assoc,(02) 9344 8722,151.2292,-33.93773
Veterinary Surgeons,Adams Michael Dr,(08) 8272 3400,138.60647,-34.94319
Veterinary Surgeons,"Adams, Robert Dr & Associates",(08) 9300 2322,115.76477,-31.7495
Veterinary Surgeons,Adamson Peter Dr,(08) 9528 3333,115.74574,-32.3036
Veterinary Surgeons,Adelaide Animal Emergency & Referral Centre,(08) 8371 0333,138.570999,-34.953046
Veterinary Surgeons,Adelaide Animal Hospital,(08) 8364 1577,138.64493,-34.91429
Veterinary Surgeons,Adelaide Animal Hospitals,(08) 8364 1577,138.64493,-34.91429
Veterinary Surgeons,Adelaide Hills Animal Hospital,(08) 8339 4466,138.718995,-35.006062
Veterinary Surgeons,Adelaide Mobile Vet Service,(08) 8182 6630,138.605237,-34.784764
Veterinary Surgeons,Adelaide Mobile Vet Service,(08) 8182 6630,138.61184,-34.784069
Veterinary Surgeons,Adelaide Northern Veterinary Group,(08) 8252 9739,138.6764,-34.72844
Veterinary Surgeons,Adelaide Northern Veterinary Group,(08) 8281 3436,138.65866,-34.77313
Veterinary Surgeons,Adelaide Northern Veterinary Group,(08) 8280 7069,138.75924,-34.718078
Veterinary Surgeons,Adelaide Northern Veterinary Group,(08) 8255 4305,138.68322,-34.71044
Veterinary Surgeons,Adelaide Northern Veterinary Group,(08) 8349 4574,138.68107,-34.83579
Veterinary Surgeons,Adelaide Plains Equine Clinic Pty Ltd,(08) 8523 4777,138.74911,-34.597474
Veterinary Surgeons,Adelaide Plains Veterinary Surgery,(08) 8520 3600,138.5158,-34.59414
Veterinary Surgeons,Adelaide Veterinary Emergency Centre,(08) 8362 1722,138.629868,-34.915607
Veterinary Surgeons,Adelaide Veterinary Specialist & Referral Centre,(08) 8132 0633,138.631504,-34.921325
Veterinary Surgeons,Adelaide Vets On Wheels,0419 037 982,138.649928,-34.794596
Veterinary Surgeons,Adelong Veterinary,(02) 6946 2704,148.059326,-35.306426
Veterinary Supplies & Instruments,Advanced Anaesthesia Specialists,(02) 9808 1844,151.12258,-33.81897
Veterinary Surgeons,Advanced Equine Dentistry,(07) 5432 8111,152.946247,-27.027434
Veterinary Surgeons,Advanced Vetcare,(03) 9092 0400,144.93339,-37.79307
Veterinary Surgeons,AEC Animal Emergency Centre,(03) 8795 7020,145.2597,-38.00579
Veterinary Surgeons,AEC Animal Emergency Centre,(03) 9770 5555,145.13414,-38.14942
Veterinary Surgeons,AEC Toowoomba,(07) 4636 2533,151.962574,-27.586966
Veterinary Surgeons,AEC Vet,(02) 4323 3886,151.322763,-33.423748
Veterinary Surgeons,AEC Woolloongabba,(07) 3456 0500,153.037689,-27.49
Veterinary Surgeons,Aeroglen Veterinary Surgery,(07) 4032 9977,145.748023,-16.886419
Veterinary Surgeons,Affordable Vet Mobile Veterinary Service,0416 759 667,149.068985,-35.168916
Veterinary Surgeons,"AG Equine Veterinary Services, Dr. Amy Garcia",0451 059 036,152.279948,-27.563945
Veterinary Surgeons,Agius Kevin,(07) 4992 1814,150.51518,-24.40126
Veterinary Surgeons,Agnes Coast Vet Clinic,(07) 4974 9045,151.88437,-24.22416
Veterinary Surgeons,Ahern Tom,(08) 9478 4029,115.92971,-31.93801
Veterinary Surgeons,Ahern Tom J,0419 961 751,115.87432,-32.03462
Veterinary Surgeons,Airport Veterinary Surgery,(07) 4053 3977,145.75548,-16.89641
Veterinary Surgeons,Aitkenvale Veterinary Hospital,(07) 4725 4666,146.767914,-19.298021
Veterinary Surgeons,Alain Marc Dr,(03) 9890 1728,145.11332,-37.82199
Veterinary Surgeons,Alan Bennet,(02) 4587 7177,150.792447,-33.629496
Veterinary Surgeons,Alan Croxford & Associates,(08) 9457 3409,115.8931,-32.0384
Veterinary Surgeons,Alan Mark,(03) 9553 5996,145.0422,-37.9494
Veterinary Surgeons,Albany Creek Vet Surgery,(07) 3264 1222,152.965869,-27.344852
Veterinary Surgeons,Albany Creek Veterinary Surgery,(07) 3264 8002,152.96587,-27.34485
Veterinary Surgeons,Albert Park Veterinary Clinic,(03) 9699 7841,144.95328,-37.8422
Veterinary Surgeons,Albert Park Veterinary Clinic,(03) 9699 7841,144.95328,-37.8422
Veterinary Surgeons,Albert Street Veterinary Clinic,(07) 5541 1233,153.00239,-27.9912
Veterinary Surgeons,Albion Park Rail Veterinary Hospital,(02) 4256 5359,150.80154,-34.56606
Veterinary Surgeons,Albion Park Rail Veterinary Surgery,(02) 4256 5359,150.80154,-34.56606
Veterinary Surgeons,Albion Vet,(07) 3357 7849,153.03725,-27.42907
Veterinary Surgeons,Albion Veterinary Surgery,(07) 3357 7849,153.037246,-27.429067
Veterinary Surgeons,Alderley Enoggera Veterinary Practice,(07) 3356 3330,153.00113,-27.42424
Veterinary Surgeons,Aldons M G,(03) 9776 9461,145.181915,-38.102684
Veterinary Surgeons,Alex W Parsons,(02) 6842 1251,149.27643,-31.27401
Veterinary Surgeons,Alexander Brittan & Associates,(02) 9489 4805,151.10868,-33.72875
Veterinary Surgeons,Alexander Heights-Ballajura Veterinary Clinic,(08) 9342 6256,115.87425,-31.82726
Veterinary Surgeons,Alexandra Hill Veterinary Surgery,(07) 3820 2066,153.221394,-27.524779
Veterinary Surgeons,Alexandra Hills Vet Surgery,(07) 3820 2066,153.22139,-27.52478
Veterinary Surgeons,Alexandra Hills Vet Surgery,(07) 3820 2066,153.221394,-27.524779
Veterinary Surgeons,Alexandria Veterinary Hospital,(02) 9698 4120,151.19975,-33.89917
Veterinary Surgeons,Alexia Wilson,(02) 6652 1566,153.12247,-30.28952
Veterinary Surgeons,Algester Veterinary Surgery,(07) 3273 4066,153.04022,-27.61293
Veterinary Surgeons,Alice Hulse,(07) 5449 1744,153.001524,-26.481853
Veterinary Surgeons,Alice Springs Veterinary Hospital,(08) 8952 9899,133.870092,-23.698014
Veterinary Surgeons,Alistair Webb Veterinary Surgeon,(07) 4638 1880,151.97618,-27.57264
Veterinary Surgeons,All Creatures Great & Small Vet Centre,(08) 9474 3360,115.87261,-31.98645
Veterinary Surgeons,All Creatures Great & Small Vet Centre-South Perth,(08) 9474 3360,115.87261,-31.98645
Veterinary Surgeons,All Creatures Great & Small Vet Clinic,(08) 9474 3360,115.87261,-31.98645
Veterinary Surgeons,All Creatures Great & Small Vet Clinic,(08) 9328 7966,115.86952,-31.93969
Veterinary Surgeons,All Creatures on Hoddle,(03) 9415 8288,144.99055,-37.81181
Veterinary Surgeons,All Creatures Veterinary Centre,(02) 6291 5437,149.101523,-35.443828
Veterinary Surgeons,All Creatures Veterinary Services,(07) 4166 3033,151.12476,-24.87134
Veterinary Surgeons,All Horses Veterinary Services,0457 467 737,153.2574,-27.6703
Veterinary Surgeons,All Natural Vet Care,(02) 9712 5844,151.14199,-33.85946
Veterinary Surgeons,All Pets Animal Hospital,(02) 6023 1444,146.936959,-36.07611
Veterinary Surgeons,All Pets Mobile Vets,0419 841 456,115.777614,-31.873949
Veterinary Surgeons,All Pets Mobile Vets.,0419 841 456,115.777614,-31.873949
Veterinary Surgeons,All Pets Veterinary Hospital,(08) 8948 0056,130.86282,-12.3863
Veterinary Surgeons,All Suburbs Mobile Veterinary Service,(08) 8354 1155,138.559683,-34.924183
Veterinary Surgeons,Allambie Veterinary Clinic,(02) 9905 0505,151.25493,-33.76656
Veterinary Surgeons,Allan Lindsay,(07) 4743 3220,139.4558888,-20.53802744
Veterinary Surgeons,Allan Nadine,(02) 6847 1129,148.6462,-31.7111
Veterinary Surgeons,AllCare Equine Centre,0434 238 540,144.392459,-38.16526
Veterinary Surgeons,Allfree C,(03) 6244 7667,147.37371,-42.87529
Veterinary Supplies & Instruments,Allied Animal Health,(02) 9831 1578,150.90211,-33.74613
Veterinary Laboratories,Allied Diagnostic,(02) 9831 1578,150.90211,-33.74613
Veterinary Surgeons,Allison Carla Dr,(07) 5573 3355,153.326243,-27.895897
Veterinary Surgeons,Allison Cres Veterinary Hospital,(02) 9543 5843,151.017683,-34.012413
Veterinary Surgeons,Allison Crescent Veterinary Hospital,(02) 9543 5843,151.0188,-34.01629
Veterinary Surgeons,Allison Stephanie,(02) 4285 5210,150.87795,-34.38836
Veterinary Surgeons,Allora Veterinary Clinic,(07) 4666 3751,151.98229,-28.03458
Veterinary Surgeons,Allpets Caboolture District Animal Hospital,(07) 5495 8100,152.986634,-27.086497
Veterinary Surgeons,Allpets Veterinary Hospital,(02) 6023 1444,146.943338,-36.077406
Veterinary Surgeons,Almond Matthew Dr,(02) 6262 2233,149.13587,-35.16925
Veterinary Surgeons,Alpha Animal Hospital,(07) 5536 2374,153.533697,-28.169183
Veterinary Surgeons,Alstonville Veterinary Hospital,(02) 6628 5262,153.43841,-28.84131
Veterinary Surgeons,Altona North Veterinary Clinic,(03) 9391 5837,144.84773,-37.83647
Veterinary Surgeons,Altona Veterinary Clinic,(03) 9399 2470,144.8304,-37.86684
Veterinary Surgeons,Altona Veterinary Clinic,,144.847753,-37.834647
Veterinary Surgeons,Altona Veterinary Clinic,,144.776838,-37.876745
Veterinary Surgeons,Altona Veterinary Clinic,,144.745353,-37.891542
Veterinary Surgeons,Altona Veterinary Clinic,,144.879307,-37.842143
Veterinary Surgeons,Amos David,(02) 6742 1834,150.24512,-30.97587
Veterinary Surgeons,Amy & Stephen Georgeson,(07) 5572 1278,153.4275,-28.04851
Veterinary Surgeons,Amy Graham Dr,(07) 4979 3444,151.259488,-23.874149
Veterinary Surgeons,Amy Lingard Dr,(03) 9533 8955,145.00186,-37.84831
Veterinary Surgeons,Anaban Ghosh,0411 350 233,145.066887,-37.856316
Veterinary Laboratories,Anapath,(02) 9974 1551,151.12005,-33.78273
Veterinary Supplies & Instruments,Ancare Australia,(02) 9554 5218,151.09473,-33.9419
Veterinary Surgeons,Anderberg Carolin,(08) 8262 6325,138.62121,-34.84245
Veterinary Surgeons,Andergrove Veterinary Clinic,(07) 4955 5181,149.180422,-21.099331
Veterinary Surgeons,Anderson Catlin,0417 363 090,149.577147,-33.420444
Veterinary Surgeons,Anderson Jenni Dr,(07) 3385 5855,152.93637,-27.17287
Veterinary Surgeons,Anderson Jenni Dr,(07) 5498 6555,152.95219,-27.11324
Veterinary Surgeons,Anderson Rodney,(02) 6655 5299,153.0207,-30.49563
Veterinary Surgeons,"Anderson, Caitlyn",0417 363 090,149.577147,-33.420444
Veterinary Surgeons,Andrew Bullen,(07) 5536 2374,153.533697,-28.169183
Veterinary Surgeons,Andrew Sellars-Jones Dr,(03) 9897 4222,145.13653,-37.83011
Veterinary Surgeons,Andrew W Carter Dr,(08) 8363 2080,138.62987,-34.91561
Veterinary Surgeons,Andrews Jason,(02) 6779 1016,151.67238,-30.2311
Wildlife Santuary,Bowra Sanctuary,7 4655 1238,145.6877,-28.0761
Wildlife Santuary,Brooklyn Sanctuary,,145.1955,-16.5715
Wildlife Santuary,Buckaringa Sanctuary,,137.9685,-32.1594
Wildlife Santuary,Bullo River Station Sanctuary,,129.7750168,-15.4498351
Wildlife Santuary,Charnley River � Artesian Range Sanctuary,,124.9824904,-16.4666657
Wildlife Santuary,Curramore Sanctuary,,152.7062172,-26.6492277
Wildlife Santuary,Dakalanta Sanctuary,,135.32076,-33.4150305
Wildlife Santuary,Dambimangiri Sanctuary,,123.649866,-17.321674
Wildlife Santuary,Faure Island Sanctuary,,113.6852481,-25.9138425
Wildlife Santuary,Kalamurina Sanctuary,,137.9591115,-27.9339886
Wildlife Santuary,Karakamia Sanctuary,8 9572 3169,116.253571,-31.8202453
Wildlife Santuary,Mallee Cliffs National Park Sanctuary,3 5021 8900,142.6224033,-34.2121733
Wildlife Santuary,Mornington Sanctuary,,126.1011902,-17.5289328
Wildlife Santuary,Mount Zero Sanctuary,,146.1127718,-19.0496368
Wildlife Santuary,Mt Gibson Sanctuary,,117.1683539,-29.723966
Wildlife Santuary,Newhaven Sanctuary,8 8964 6000,131.1657112,-22.7234233
Wildlife Santuary,North Head Sanctuary,2 8969 2100,151.2938165,-33.8175515
Wildlife Santuary,Paruna Sanctuary,8 9572 3169,116.1305783,-31.6971174
Wildlife Santuary,Piccaninny Plains Sanctuary,,135.6140916,-13.9156774
Wildlife Santuary,Scotia Sanctuary,,141.0767375,-33.2901255
Wildlife Santuary,Tableland Sanctuary,,"111.0103767,",-17.7150456
Wildlife Santuary,The Pilliga Sanctuary,,149.1814977,-30.6824629
Wildlife Santuary,Wilinggin Sanctuary,,119.426543,-17.3169234
Wildlife Santuary,Wongalara Sanctuary,,134.4741917,-14.1108355
Wildlife Santuary,Yookamurra Sanctuary,,139.4736691,-34.5070484
