﻿Category,Company name,Phone number,Longitude,Latitude
Wildlife Refuge,La Clara Mountain,,6.05168765,6.05168765
Wildlife Refuge,NANTAR RESERVA ECOLOGICA,+593 99 101 1075,-33.4559757,-33.4559757
Wildlife Refuge,Refugio Vialidad Gallina Muerta,,-27.1360206,-27.1360206
Wildlife Refuge,BASE GALARZA- GUARDAFAUNA PCIA DE CORRIENTES,,-28.1016846,-28.1016846
Wildlife Refuge,Los Guardianes Del Encanto,+57 320 9916338,-20.2547367,-20.2547367
Wildlife Refuge,Reserva Privada El Pantanoso,,-23.6299919,-23.6299919
Wildlife Refuge,Parque Botanico Buenaventura,+593 2505212,-3.634513,-3.634513
Wildlife Refuge,Reserva provincial Santa Catalina,,-34.7575788,-34.7575788
Wildlife Refuge,Reserva Natural S.C. El Pailan,,-31.8546304,-31.8546304
Wildlife Refuge,Cueva las Caicas,+57 318 7491522,5.12596735,5.12596735
Wildlife Refuge,Reserva AGAPE,+57 313 4455119,-3.58082345,-3.58082345
Wildlife Refuge,Playa Hondable,,14.15015235,14.15015235
Wildlife Refuge,"FAMILIA FERRO,ALBERTO-LEANDRO-MARIANO",+54 3541 64-6933,-34.787074,-34.787074
Wildlife Refuge,loma saavedra peru,,-3.5042443,-3.5042443
Wildlife Refuge,Chacara dos Oliveira Capella,,-32.1862362,-32.1862362
Wildlife Refuge,Sabor de Casa,+55 79 3027-8008,-10.9659268,-10.9659268
Veterinarian,Consultorio E Farmacia Veterinairia,,-66.048738,18.262375
Veterinarian,Bichinho Chick,+55 32244708,-40.7628792,-13.3823643
Veterinarian,Michu Consultorio Veterinario,+593 99 465 2767,-79.8873718,-2.2025256
Veterinarian,Veterinario,,-58.268868,-34.7303025
Veterinarian,Oswaldo Cruz Centro Veterinario,+55 12 3922-3051,-43.35168447,-22.85935495
Veterinarian,ARGOS,+51 1 5361066,-77.04067445,-11.93286125
Veterinarian,Veterinairia e Pet Shop Barreira Grande,+55 11 2154-2500,-46.4970375,-23.5912037
Veterinarian,Pro Plan,,-58.4302894,-34.6342886
Veterinarian,Paulo Rocha,+55 21 3395-3613,-43.6829757,-22.9206686
Veterinarian,PET SHOP CESAR,+54 261 431-0927,-68.9427876,-33.0196168
Veterinarian,Veterinaria Las Balsas,+54 299 459-7993,2.9119411,49.5862984
Veterinarian,Medical Vet,+55 19 3473-0993,-46.985305,-13.916873
Veterinarian,CLÃNICA DE PEQUEÃNOS ANIMALES,+54 342 460-1159,-60.6679347,-31.6045015
Veterinarian,Cahuel Veterinaria,+54 249 450-4025,-58.52094408,-34.65507712
Veterinarian,Centro Veterinario Paita,+51 990 031 314,-71.3340912,-17.6330113
Veterinarian,Veterinaria Battistini,+54 3571 48-5417,-75.5938192,-49.848769
Veterinarian,Clinica Veterinaria Fiel,+55 14 3541-1315,-49.8588394,-21.5347172
Hospital,Instituto de Rehabilitación,,-99.1488684,19.2890551
Hospital,Av. Las Heras 2900,,-55.92139907,-27.37434631
Hospital,Galván 4102,,-58.49504216,-34.55695265
Hospital,Hospital Militar Central,,-58.43736337,-34.57042155
Hospital,Hospital Naval,,-58.4327455,-34.6060268
Hospital,Complejo Médico Policial,,-58.41053826,-34.64054465
Hospital,Hospital de Clínicas,,-57.65243864,-25.2801142
Hospital,Hospital General de Agudos,,-56.7257347,-36.3581334
Hospital,Hospital Alemán,,-58.4017421,-34.5928586
Hospital,Hospital Español,,-58.4078438,-34.7861499
Hospital,Hospital de Niños,,-58.819058,-27.4753116
Hospital,Hospital Italiano de Buenos Aires,,-58.42367766,-34.6078588
Hospital,Hospital Francés,,-72.34034738,18.53790765
Hospital,Hospital Británico de Buenos Aires,,-58.4848751,-34.5211925
Hospital,Hospital Israelita,,-51.1985638,-30.0397574
Hospital,Clínica Independencia,,-58.53311286,-34.53910525
Hospital,Clínica Olivos,,-58.4848718,-34.52274105
Hospital,Posadas,,-55.894295,-27.3664824
Hospital,Hospital São Luiz,,-37.3714369,-5.19149215
Hospital,Hospital Vitória,,-43.37057361,-22.99261935
Hospital,Hospital Samaritano,,-46.66193084,-23.5392135
Hospital,Hospital Barra D´or,,-43.36702802,-22.983354
Hospital,Hospital Unimed,,-40.06932684,-19.39284255
Hospital,Hospital Rio Mar,,-43.41170682,-22.9950828
Hospital,Hospital de Clínicas de Porto Alegre,,-51.2065788,-30.03863775
Hospital,Hospital Daher,,-47.88556115,-15.84150045
Hospital,Hospital São Paulo,,-46.6435335,-23.5977766
Hospital,Hospital Sírio-Libanês,,-46.65390324,-23.55759395
Hospital,Hospital Israelita Albert Einstein,,-46.67546946,-23.5332587
Hospital,Hospital do Servidor Público Estadual,,-46.65396902,-23.5966175
Hospital,Santa Casa de Misericordia Hospital,,-45.59264672,-21.8895113
Hospital,Hospital Paula Jaraquemada,,-70.7038772,-33.8037387
Hospital,Hospital Metropolitano de Santiago,,-70.66059457,19.4358353
Hospital,Hospital Barros Luco,,-70.6495841,-33.4845583
Hospital,Hospital Trudeau,,-2.1260509,48.0304477
Hospital,Hospital Exequiel González Cortez,,-70.65722753,-33.48336805
Hospital,Hospital de Enfermedades Infecciosas,,-70.64520099,-33.48534555
Hospital,Hospital Universitario Metropolitano,,-70.6924885,19.46339555
Hospital,Clínica General del Norte,,-74.2455421,11.0067647
Hospital,Clínica Reina Catalina,,-74.81602452,11.00155325
Hospital,Hospital Universitario del Norte,,-16.2922347,28.4548165
Hospital,Clínica Bautista,,120.9609117,14.3253776
Hospital,Clínica de la Costa,,-55.979994,-34.8332346
Hospital,Clínica del Caribe,,-83.79089126,10.2162894
Hospital,Clínica la Asunción,,-74.807071,10.9897488
Hospital,Clínica San Martín,,-57.71148815,-25.28909475
Hospital,CAMINO Bosque de María,,-71.5810132,-35.8742027
Hospital,CAMINO Salud Metropolitana,,-3.6562835,40.4089447
Hospital,CAMINO Simón Bolívar,,-66.1602061,-17.3808409
Hospital,CAMINO Suroccidente,,-6.0713256,43.3868705
Hospital,CAMINO Murillo,,-75.2360958,4.8229444
Hospital,Clínica del Sol,,-58.4081451,-34.5865676
Hospital,Clinica Reina Sofia,,-74.05201018,4.70691885
Hospital,Fundacion Cardio Infantil,,-74.0340454,4.7418691
Hospital,Hospital de San Jose,,-74.08622431,4.60351365
Hospital,Clínica del Bosque,,-56.8648289,-37.1062696
Hospital,Clinica del Country,,-74.05681853,4.66907255
Hospital,Clinic Marly,,3.5272931,50.3614542
Hospital,Clinica Nueva,,-74.07089785,4.63428415
Hospital,Clinica Palermo,,-74.07391538,4.63617415
Hospital,Clinica Partenon,,-74.0978394,4.6920665
Hospital,Centro Materno Infantil,,-5.848876178,43.3537709
Hospital,Centro Médico Bautista,,-58.4599837,-34.6059208
Hospital,Centro Medico La Costa,,-57.60722465,-25.27300135
Hospital,Centro Médico Pro-Med,,17.0380349,51.1009752
Hospital,Cruz Roja Paraguaya,,-57.5409318,-25.3368775
Hospital,Hospital Barrio Obrero,,-76.52021686,3.4486025
Hospital,Hospital de Tuberculosis,,-85.84088633,38.13032105
Hospital,Hospital Francés,,-72.34034738,18.53790765
Hospital,Hospital Militar Central,,-58.43736337,-34.57042155
Hospital,Hospital Neuropsiquiátrico,,-64.1707619,-31.4189955
Hospital,Hospital San Jorge,,-0.420210773,42.1317832
Hospital,Hospital San Pablo,,-71.33782126,-29.96861875
Hospital,Instituto de Medicina Tropical,,-54.58073467,-25.6421237
Hospital,Sanatorio Adventista,,-99.1775715,19.4009714
Hospital,Sanatorio Americano,,-60.64476526,-32.9467104
Hospital,Sanatorio Español,,-58.09368313,-34.85214115
Hospital,Sanatorio Italiano,,-57.59768893,-25.28829715
Hospital,Sanatorio Santa Clara,,-67.99947004,-38.9348228
Hospital,Sanatorio San Roque,,-61.5573408,-30.9433907
Hospital,Hospital Regional,,-71.6180312,-35.4385104
Hospital,Hospital Tajy,,-55.7523544,-22.5405043
Hospital,Clínica Privada San Luis,,-100.1911766,25.7205342
Hospital,Clínica Privada San Roque,,-101.6386393,21.1009144
Hospital,Hospital Nacional Cayetano Heredia,,-77.05529205,-12.0219092
Hospital,Hospital Nacional Docente Madre Niño San Bartolomé,,-77.04187806,-12.0497713
Hospital,Hospital Nacional Dos de Mayo,,-77.01572908,-12.05605375
Hospital,Hospital Nacional Hipólito Unanue,,-76.99265585,-12.04104755
Hospital,Hospital Nacional Sergio E. Bernales,,-77.03752913,-11.91407445
Hospital,Hospital Nacional del Sur,,-71.5295481,-16.3951301
Hospital,Hospital Militar Central ,,-58.43736337,-34.57042155
Hospital,Hospital del Niño ,,-79.89294139,-2.2040932
Hospital,Hospital Naval ,,-58.4327455,-34.6060268
Hospital,Hospital Policía Nacional del Perú ,,-70.2495403,-18.0126132
Hospital,Hospital de la Fuerza Aérea del Perú ,,-69.23247178,-12.62845425
Hospital,Hospital Central FAP ,,-77.02992793,-12.10381165
Hospital,Médica Uruguaya,,-57.8449762,-34.4692839
Hospital,Sociedad la Espanola,,-79.8622414,-2.1217588
Hospital,British Hospital,,-56.16254232,-34.8945655
Hospital,Hospital Español,,-58.4078438,-34.7861499
Hospital,CASMU,,-55.5897412,-34.7656245
Hospital,Hospital de Clínicas,,-57.65243864,-25.2801142
