Name,2018 Population,Latitude,Longitude
"New York city, New York",8398748,40.7127281,-74.0060152
"Los Angeles city, California",3990456,34.0536909,-118.2427666
"Chicago city, Illinois",2705994,41.8755616,-87.6244212
"Houston city, Texas",2325502,29.7589382,-95.3676974
"Phoenix city, Arizona",1660272,33.4484367,-112.0741417
"Philadelphia city, Pennsylvania",1584138,39.9527237,-75.1635262
"San Antonio city, Texas",1532233,29.4241,-98.4936
"San Diego city, California",1425976,32.7174209,-117.1627714
"Dallas city, Texas",1345047,32.7762719,-96.7968559
"San Jose city, California",1030119,37.3361905,-121.8905833
"Austin city, Texas",964254,30.2711286,-97.7436995
"Jacksonville city, Florida",903889,30.3321838,-81.655651
"Fort Worth city, Texas",895008,32.753177,-97.3327459
"Columbus city, Ohio",892533,39.9622601,-83.0007065
"San Francisco city, California",883305,37.7647993,-122.4629897
"Charlotte city, North Carolina",872498,35.2270869,-80.8431268
"Indianapolis city (balance), Indiana",867125,39.7684,-86.1581
"Seattle city, Washington",744955,47.6038321,-122.3300624
"Denver city, Colorado",716492,39.7348381,-104.9653271
"Washington city, District of Columbia",702455,38.8948932,-77.0365529
"Boston city, Massachusetts",694583,42.3602534,-71.0582912
"El Paso city, Texas",682669,31.7754152,-106.4646348
"Detroit city, Michigan",672662,42.3315509,-83.0466403
"Nashville-Davidson metropolitan government (balance), Tennessee",669053,36.1627,-86.7816
"Portland city, Oregon",653115,45.5202471,-122.6741949
"Memphis city, Tennessee",650618,35.1490215,-90.0516285
"Oklahoma City city, Oklahoma",649021,35.4729886,-97.5170536
"Las Vegas city, Nevada",644644,36.1672559,-115.1485163
"Louisville/Jefferson County metro government (balance), Kentucky",620118,38.2527,-85.7585
"Baltimore city, Maryland",602495,39.2908816,-76.610759
"Milwaukee city, Wisconsin",592025,43.0349931,-87.922497
"Albuquerque city, New Mexico",560218,35.0841034,-106.6509851
"Tucson city, Arizona",545975,32.2228765,-110.9748477
"Fresno city, California",530093,36.7295295,-119.7088613
"Mesa city, Arizona",508958,33.4151117,-111.8314773
"Sacramento city, California",508529,38.5815719,-121.4943996
"Atlanta city, Georgia",498044,33.7490987,-84.3901849
"Kansas City city, Missouri",491918,39.100105,-94.5781416
"Colorado Springs city, Colorado",472688,38.8339578,-104.8253485
"Miami city, Florida",470914,25.7742658,-80.1936589
"Raleigh city, North Carolina",469298,35.7803977,-78.6390989
"Omaha city, Nebraska",468262,41.2587459,-95.9383758
"Long Beach city, California",467354,33.7690164,-118.1916048
"Virginia Beach city, Virginia",450189,36.5943204,-75.8876014
"Oakland city, California",429082,37.8044557,-122.2713563
"Minneapolis city, Minnesota",425403,44.9772995,-93.2654692
"Tulsa city, Oklahoma",400669,36.1556805,-95.9929113
"Arlington city, Texas",398112,32.701939,-97.10562379
"Tampa city, Florida",392890,27.9477595,-82.458444
"New Orleans city, Louisiana",391006,29.9499323,-90.0701156
"Wichita city, Kansas",389255,37.6922361,-97.3375448
"Cleveland city, Ohio",383793,41.5051613,-81.6934446
"Bakersfield city, California",383579,35.3738712,-119.0194639
"Aurora city, Colorado",374114,39.729432,-104.8319196
"Anaheim city, California",352005,33.8347516,-117.911732
"Urban Honolulu CDP, Hawaii",347397,21.3069,-157.8583
"Santa Ana city, California",332725,33.7494951,-117.8732213
"Riverside city, California",330063,33.9533546,-117.3961623
"Corpus Christi city, Texas",326554,27.7477253,-97.4014129
"Lexington-Fayette urban county, Kentucky",323780,38.0464066,-84.4970393
"Stockton city, California",311178,37.9577016,-121.2907796
"Henderson city, Nevada",310390,36.0301134,-114.9826194
"St. Paul city, Minnesota",307695,44.9504037,-93.1015026
"St. Louis city, Missouri",302838,38.6529545,-90.24111656
"Cincinnati city, Ohio",302605,39.1014537,-84.5124602
"Pittsburgh city, Pennsylvania",301048,40.4416941,-79.9900861
"Greensboro city, North Carolina",294722,36.0726355,-79.7919754
"Anchorage municipality, Alaska",291538,61.2163129,-149.8948523
"Plano city, Texas",288061,33.0136764,-96.6925096
"Lincoln city, Nebraska",287401,40.8088861,-96.7077751
"Orlando city, Florida",285713,28.5421109,-81.3790304
"Irvine city, California",282572,33.6856969,-117.8259819
"Newark city, New Jersey",282090,40.735657,-74.1723667
"Toledo city, Ohio",274975,41.6786754,-83.5127283
"Durham city, North Carolina",274291,35.996653,-78.9018053
"Chula Vista city, California",271651,32.6400541,-117.0841955
"Fort Wayne city, Indiana",267633,41.0799898,-85.1386015
"Jersey City city, New Jersey",265549,40.7281575,-74.0776417
"St. Petersburg city, Florida",265098,27.7703796,-82.6695085
"Laredo city, Texas",261639,27.5199841,-99.4953764
"Madison city, Wisconsin",258054,43.074761,-89.3837613
"Chandler city, Arizona",257165,33.3062223,-111.8413317
"Buffalo city, New York",256304,42.8867166,-78.8783922
"Lubbock city, Texas",255885,33.5635206,-101.879336
"Scottsdale city, Arizona",255310,33.4942189,-111.9260184
"Reno city, Nevada",250998,39.5261206,-119.8126581
"Glendale city, Arizona",250702,33.5386858,-112.1859941
"Gilbert town, Arizona",248279,33.3292515,-111.7883767
"Winston-Salem city, North Carolina",246328,36.0998131,-80.2440518
"North Las Vegas city, Nevada",245949,36.2005843,-115.1215844
"Norfolk city, Virginia",244076,36.8889933,-76.2481624
"Chesapeake city, Virginia",242634,36.7183708,-76.2466798
"Garland city, Texas",242507,32.912624,-96.6388833
"Irving city, Texas",242242,32.8295183,-96.9442177
"Hialeah city, Florida",238942,25.8575963,-80.2781057
"Fremont city, California",237807,37.5482697,-121.9885719
"Boise City city, Idaho",228790,43.60081625,-116.2421102
"Richmond city, Virginia",228783,37.5289588,-77.4381069
"Baton Rouge city, Louisiana",221599,30.4459596,-91.18738
